Workbook

Sheet Inputs & Baseline
A1: Probabilistic Slope Stability Assessment - Mine Waste Rock Dump
A2: Model: Infinite-slope method with pore-pressure ratio r_u (Bishop & Morgenstern, 1960)
A4: Baseline Input Parameters
A5: Parameter | B5: Value | C5: Unit | D5: Notes
A6: Cohesion, c' | B6: 15 | C6: kPa | D6: Effective cohesion of dump material
A7: Friction angle, phi' | B7: 35 | C7: deg | D7: Effective friction angle of dump material
A8: Unit weight, gamma | B8: 20 | C8: kN/m^3 | D8: Bulk unit weight of waste rock
A9: Depth to slip surface, z | B9: 15 | C9: m | D9: Vertical depth to potential failure plane
A10: Slope angle, beta | B10: 28 | C10: deg | D10: Overall face angle of the dump
A11: Pore pressure ratio, r_u | B11: 0.15 | C11: - | D11: u / (gamma * z), Bishop & Morgenstern (1960)
A13: Legend: blue text / yellow fill = editable input cell
A14: Factor of Safety (baseline, live formula) | B14: =(B6+(B8*B9*COS(RADIANS(B10))^2-B11*B8*B9)*TAN(RADIANS(B7)))/(B8*B9*SIN(RADIANS(B10))*COS(RADIANS(B10))) -> 1.1841398
A15: Interpretation: | B15: =IF(B14<1,"UNSTABLE","STABLE") -> STABLE
A17: Design guidance: typical minimum FS targets are 1.3 (static, long-term) and 1.0-1.1 (pseudo-static/seismic).

Sheet Sensitivity
A1: One-at-a-Time (OAT) Sensitivity Analysis
A2: Each parameter is swept across its realistic range; all others are held at the baseline (Inputs sheet).
A3: Cohesion, c' (kPa) | D3: Friction angle, φ' (°) | G3: Unit weight, γ (kN/m³) | J3: Depth to slip surface, z (m) | M3: Slope angle, β (°) | P3: Pore pressure ratio, r_u
A4: Value | B4: FS | D4: Value | E4: FS | G4: Value | H4: FS | J4: Value | K4: FS | M4: Value | N4: FS | P4: Value | Q4: FS
A5: 5 | B5: =(A5+('Inputs & Baseline'!$B$8*'Inputs & Baseline'!$B$9*COS(RADIANS('Inputs & Baseline'!$B$10))^2-'Inputs & Baseline'!$B$11*'Inputs & Baseline'!$B$8*'Inputs & Baseline'!$B$9)*TAN(RADIANS('Inputs & Baseline'!$B$7)))/('Inputs & Baseline'!$B$8*'Inputs & Baseline'!$B$9*SIN(RADIANS('Inputs & Baseline'!$B$10))*COS(RADIANS('Inputs & Baseline'!$B$10))) -> 1.1037252 | D5: 28 | E5: =('Inputs & Baseline'!$B$6+('Inputs & Baseline'!$B$8*'Inputs & Baseline'!$B$9*COS(RADIANS('Inputs & Baseline'!$B$10))^2-'Inputs & Baseline'!$B$11*'Inputs & Baseline'!$B$8*'Inputs & Baseline'!$B$9)*TAN(RADIANS(D5)))/('Inputs & Baseline'!$B$8*'Inputs & Baseline'!$B$9*SIN(RADIANS('Inputs & Baseline'!$B$10))*COS(RADIANS('Inputs & Baseline'!$B$10))) -> 0.92821456 | G5: 18 | H5: =('Inputs & Baseline'!$B$6+(G5*'Inputs & Baseline'!$B$9*COS(RADIANS('Inputs & Baseline'!$B$10))^2-'Inputs & Baseline'!$B$11*G5*'Inputs & Baseline'!$B$9)*TAN(RADIANS('Inputs & Baseline'!$B$7)))/(G5*'Inputs & Baseline'!$B$9*SIN(RADIANS('Inputs & Baseline'!$B$10))*COS(RADIANS('Inputs & Baseline'!$B$10))) -> 1.1975422 | J5: 8 | K5: =('Inputs & Baseline'!$B$6+('Inputs & Baseline'!$B$8*J5*COS(RADIANS('Inputs & Baseline'!$B$10))^2-'Inputs & Baseline'!$B$11*'Inputs & Baseline'!$B$8*J5)*TAN(RADIANS('Inputs & Baseline'!$B$7)))/('Inputs & Baseline'!$B$8*J5*SIN(RADIANS('Inputs & Baseline'!$B$10))*COS(RADIANS('Inputs & Baseline'!$B$10))) -> 1.2896838 | M5: 22 | N5: =('Inputs & Baseline'!$B$6+('Inputs & Baseline'!$B$8*'Inputs & Baseline'!$B$9*COS(RADIANS(M5))^2-'Inputs & Baseline'!$B$11*'Inputs & Baseline'!$B$8*'Inputs & Baseline'!$B$9)*TAN(RADIANS('Inputs & Baseline'!$B$7)))/('Inputs & Baseline'!$B$8*'Inputs & Baseline'!$B$9*SIN(RADIANS(M5))*COS(RADIANS(M5))) -> 1.5746336 | P5: 0 | Q5: =('Inputs & Baseline'!$B$6+('Inputs & Baseline'!$B$8*'Inputs & Baseline'!$B$9*COS(RADIANS('Inputs & Baseline'!$B$10))^2-P5*'Inputs & Baseline'!$B$8*'Inputs & Baseline'!$B$9)*TAN(RADIANS('Inputs & Baseline'!$B$7)))/('Inputs & Baseline'!$B$8*'Inputs & Baseline'!$B$9*SIN(RADIANS('Inputs & Baseline'!$B$10))*COS(RADIANS('Inputs & Baseline'!$B$10))) -> 1.4375206
A6: 5.8333 | B6: =(A6+('Inputs & Baseline'!$B$8*'Inputs & Baseline'!$B$9*COS(RADIANS('Inputs & Baseline'!$B$10))^2-'Inputs & Baseline'!$B$11*'Inputs & Baseline'!$B$8*'Inputs & Baseline'!$B$9)*TAN(RADIANS('Inputs & Baseline'!$B$7)))/('Inputs & Baseline'!$B$8*'Inputs & Baseline'!$B$9*SIN(RADIANS('Inputs & Baseline'!$B$10))*COS(RADIANS('Inputs & Baseline'!$B$10))) -> 1.1104262 | D6: 28.5 | E6: =('Inputs & Baseline'!$B$6+('Inputs & Baseline'!$B$8*'Inputs & Baseline'!$B$9*COS(RADIANS('Inputs & Baseline'!$B$10))^2-'Inputs & Baseline'!$B$11*'Inputs & Baseline'!$B$8*'Inputs & Baseline'!$B$9)*TAN(RADIANS(D6)))/('Inputs & Baseline'!$B$8*'Inputs & Baseline'!$B$9*SIN(RADIANS('Inputs & Baseline'!$B$10))*COS(RADIANS('Inputs & Baseline'!$B$10))) -> 0.94529608 | G6: 18.1667 | H6: =('Inputs & Baseline'!$B$6+(G6*'Inputs & Baseline'!$B$9*COS(RADIANS('Inputs & Baseline'!$B$10))^2-'Inputs & Baseline'!$B$11*G6*'Inputs & Baseline'!$B$9)*TAN(RADIANS('Inputs & Baseline'!$B$7)))/(G6*'Inputs & Baseline'!$B$9*SIN(RADIANS('Inputs & Baseline'!$B$10))*COS(RADIANS('Inputs & Baseline'!$B$10))) -> 1.1963124 | J6: 8.7083 | K6: =('Inputs & Baseline'!$B$6+('Inputs & Baseline'!$B$8*J6*COS(RADIANS('Inputs & Baseline'!$B$10))^2-'Inputs & Baseline'!$B$11*'Inputs & Baseline'!$B$8*J6)*TAN(RADIANS('Inputs & Baseline'!$B$7)))/('Inputs & Baseline'!$B$8*J6*SIN(RADIANS('Inputs & Baseline'!$B$10))*COS(RADIANS('Inputs & Baseline'!$B$10))) -> 1.2712884 | M6: 22.5 | N6: =('Inputs & Baseline'!$B$6+('Inputs & Baseline'!$B$8*'Inputs & Baseline'!$B$9*COS(RADIANS(M6))^2-'Inputs & Baseline'!$B$11*'Inputs & Baseline'!$B$8*'Inputs & Baseline'!$B$9)*TAN(RADIANS('Inputs & Baseline'!$B$7)))/('Inputs & Baseline'!$B$8*'Inputs & Baseline'!$B$9*SIN(RADIANS(M6))*COS(RADIANS(M6))) -> 1.534799 | P6: 0.0146 | Q6: =('Inputs & Baseline'!$B$6+('Inputs & Baseline'!$B$8*'Inputs & Baseline'!$B$9*COS(RADIANS('Inputs & Baseline'!$B$10))^2-P6*'Inputs & Baseline'!$B$8*'Inputs & Baseline'!$B$9)*TAN(RADIANS('Inputs & Baseline'!$B$7)))/('Inputs & Baseline'!$B$8*'Inputs & Baseline'!$B$9*SIN(RADIANS('Inputs & Baseline'!$B$10))*COS(RADIANS('Inputs & Baseline'!$B$10))) -> 1.4128582
A7: 6.6667 | B7: =(A7+('Inputs & Baseline'!$B$8*'Inputs & Baseline'!$B$9*COS(RADIANS('Inputs & Baseline'!$B$10))^2-'Inputs & Baseline'!$B$11*'Inputs & Baseline'!$B$8*'Inputs & Baseline'!$B$9)*TAN(RADIANS('Inputs & Baseline'!$B$7)))/('Inputs & Baseline'!$B$8*'Inputs & Baseline'!$B$9*SIN(RADIANS('Inputs & Baseline'!$B$10))*COS(RADIANS('Inputs & Baseline'!$B$10))) -> 1.1171279 | D7: 29 | E7: =('Inputs & Baseline'!$B$6+('Inputs & Baseline'!$B$8*'Inputs & Baseline'!$B$9*COS(RADIANS('Inputs & Baseline'!$B$10))^2-'Inputs & Baseline'!$B$11*'Inputs & Baseline'!$B$8*'Inputs & Baseline'!$B$9)*TAN(RADIANS(D7)))/('Inputs & Baseline'!$B$8*'Inputs & Baseline'!$B$9*SIN(RADIANS('Inputs & Baseline'!$B$10))*COS(RADIANS('Inputs & Baseline'!$B$10))) -> 0.96254024 | G7: 18.3333 | H7: =('Inputs & Baseline'!$B$6+(G7*'Inputs & Baseline'!$B$9*COS(RADIANS('Inputs & Baseline'!$B$10))^2-'Inputs & Baseline'!$B$11*G7*'Inputs & Baseline'!$B$9)*TAN(RADIANS('Inputs & Baseline'!$B$7)))/(G7*'Inputs & Baseline'!$B$9*SIN(RADIANS('Inputs & Baseline'!$B$10))*COS(RADIANS('Inputs & Baseline'!$B$10))) -> 1.1951056 | J7: 9.4167 | K7: =('Inputs & Baseline'!$B$6+('Inputs & Baseline'!$B$8*J7*COS(RADIANS('Inputs & Baseline'!$B$10))^2-'Inputs & Baseline'!$B$11*'Inputs & Baseline'!$B$8*J7)*TAN(RADIANS('Inputs & Baseline'!$B$7)))/('Inputs & Baseline'!$B$8*J7*SIN(RADIANS('Inputs & Baseline'!$B$10))*COS(RADIANS('Inputs & Baseline'!$B$10))) -> 1.2556582 | M7: 23 | N7: =('Inputs & Baseline'!$B$6+('Inputs & Baseline'!$B$8*'Inputs & Baseline'!$B$9*COS(RADIANS(M7))^2-'Inputs & Baseline'!$B$11*'Inputs & Baseline'!$B$8*'Inputs & Baseline'!$B$9)*TAN(RADIANS('Inputs & Baseline'!$B$7)))/('Inputs & Baseline'!$B$8*'Inputs & Baseline'!$B$9*SIN(RADIANS(M7))*COS(RADIANS(M7))) -> 1.496581 | P7: 0.0292 | Q7: =('Inputs & Baseline'!$B$6+('Inputs & Baseline'!$B$8*'Inputs & Baseline'!$B$9*COS(RADIANS('Inputs & Baseline'!$B$10))^2-P7*'Inputs & Baseline'!$B$8*'Inputs & Baseline'!$B$9)*TAN(RADIANS('Inputs & Baseline'!$B$7)))/('Inputs & Baseline'!$B$8*'Inputs & Baseline'!$B$9*SIN(RADIANS('Inputs & Baseline'!$B$10))*COS(RADIANS('Inputs & Baseline'!$B$10))) -> 1.3881958
A8: 7.5 | B8: =(A8+('Inputs & Baseline'!$B$8*'Inputs & Baseline'!$B$9*COS(RADIANS('Inputs & Baseline'!$B$10))^2-'Inputs & Baseline'!$B$11*'Inputs & Baseline'!$B$8*'Inputs & Baseline'!$B$9)*TAN(RADIANS('Inputs & Baseline'!$B$7)))/('Inputs & Baseline'!$B$8*'Inputs & Baseline'!$B$9*SIN(RADIANS('Inputs & Baseline'!$B$10))*COS(RADIANS('Inputs & Baseline'!$B$10))) -> 1.1238289 | D8: 29.5 | E8: =('Inputs & Baseline'!$B$6+('Inputs & Baseline'!$B$8*'Inputs & Baseline'!$B$9*COS(RADIANS('Inputs & Baseline'!$B$10))^2-'Inputs & Baseline'!$B$11*'Inputs & Baseline'!$B$8*'Inputs & Baseline'!$B$9)*TAN(RADIANS(D8)))/('Inputs & Baseline'!$B$8*'Inputs & Baseline'!$B$9*SIN(RADIANS('Inputs & Baseline'!$B$10))*COS(RADIANS('Inputs & Baseline'!$B$10))) -> 0.97995205 | G8: 18.5 | H8: =('Inputs & Baseline'!$B$6+(G8*'Inputs & Baseline'!$B$9*COS(RADIANS('Inputs & Baseline'!$B$10))^2-'Inputs & Baseline'!$B$11*G8*'Inputs & Baseline'!$B$9)*TAN(RADIANS('Inputs & Baseline'!$B$7)))/(G8*'Inputs & Baseline'!$B$9*SIN(RADIANS('Inputs & Baseline'!$B$10))*COS(RADIANS('Inputs & Baseline'!$B$10))) -> 1.1939199 | J8: 10.125 | K8: =('Inputs & Baseline'!$B$6+('Inputs & Baseline'!$B$8*J8*COS(RADIANS('Inputs & Baseline'!$B$10))^2-'Inputs & Baseline'!$B$11*'Inputs & Baseline'!$B$8*J8)*TAN(RADIANS('Inputs & Baseline'!$B$7)))/('Inputs & Baseline'!$B$8*J8*SIN(RADIANS('Inputs & Baseline'!$B$10))*COS(RADIANS('Inputs & Baseline'!$B$10))) -> 1.2422169 | M8: 23.5 | N8: =('Inputs & Baseline'!$B$6+('Inputs & Baseline'!$B$8*'Inputs & Baseline'!$B$9*COS(RADIANS(M8))^2-'Inputs & Baseline'!$B$11*'Inputs & Baseline'!$B$8*'Inputs & Baseline'!$B$9)*TAN(RADIANS('Inputs & Baseline'!$B$7)))/('Inputs & Baseline'!$B$8*'Inputs & Baseline'!$B$9*SIN(RADIANS(M8))*COS(RADIANS(M8))) -> 1.4598759 | P8: 0.0437 | Q8: =('Inputs & Baseline'!$B$6+('Inputs & Baseline'!$B$8*'Inputs & Baseline'!$B$9*COS(RADIANS('Inputs & Baseline'!$B$10))^2-P8*'Inputs & Baseline'!$B$8*'Inputs & Baseline'!$B$9)*TAN(RADIANS('Inputs & Baseline'!$B$7)))/('Inputs & Baseline'!$B$8*'Inputs & Baseline'!$B$9*SIN(RADIANS('Inputs & Baseline'!$B$10))*COS(RADIANS('Inputs & Baseline'!$B$10))) -> 1.3637023
A9: 8.3333 | B9: =(A9+('Inputs & Baseline'!$B$8*'Inputs & Baseline'!$B$9*COS(RADIANS('Inputs & Baseline'!$B$10))^2-'Inputs & Baseline'!$B$11*'Inputs & Baseline'!$B$8*'Inputs & Baseline'!$B$9)*TAN(RADIANS('Inputs & Baseline'!$B$7)))/('Inputs & Baseline'!$B$8*'Inputs & Baseline'!$B$9*SIN(RADIANS('Inputs & Baseline'!$B$10))*COS(RADIANS('Inputs & Baseline'!$B$10))) -> 1.1305298 | D9: 30 | E9: =('Inputs & Baseline'!$B$6+('Inputs & Baseline'!$B$8*'Inputs & Baseline'!$B$9*COS(RADIANS('Inputs & Baseline'!$B$10))^2-'Inputs & Baseline'!$B$11*'Inputs & Baseline'!$B$8*'Inputs & Baseline'!$B$9)*TAN(RADIANS(D9)))/('Inputs & Baseline'!$B$8*'Inputs & Baseline'!$B$9*SIN(RADIANS('Inputs & Baseline'!$B$10))*COS(RADIANS('Inputs & Baseline'!$B$10))) -> 0.99753665 | G9: 18.6667 | H9: =('Inputs & Baseline'!$B$6+(G9*'Inputs & Baseline'!$B$9*COS(RADIANS('Inputs & Baseline'!$B$10))^2-'Inputs & Baseline'!$B$11*G9*'Inputs & Baseline'!$B$9)*TAN(RADIANS('Inputs & Baseline'!$B$7)))/(G9*'Inputs & Baseline'!$B$9*SIN(RADIANS('Inputs & Baseline'!$B$10))*COS(RADIANS('Inputs & Baseline'!$B$10))) -> 1.1927554 | J9: 10.8333 | K9: =('Inputs & Baseline'!$B$6+('Inputs & Baseline'!$B$8*J9*COS(RADIANS('Inputs & Baseline'!$B$10))^2-'Inputs & Baseline'!$B$11*'Inputs & Baseline'!$B$8*J9)*TAN(RADIANS('Inputs & Baseline'!$B$7)))/('Inputs & Baseline'!$B$8*J9*SIN(RADIANS('Inputs & Baseline'!$B$10))*COS(RADIANS('Inputs & Baseline'!$B$10))) -> 1.2305333 | M9: 24 | N9: =('Inputs & Baseline'!$B$6+('Inputs & Baseline'!$B$8*'Inputs & Baseline'!$B$9*COS(RADIANS(M9))^2-'Inputs & Baseline'!$B$11*'Inputs & Baseline'!$B$8*'Inputs & Baseline'!$B$9)*TAN(RADIANS('Inputs & Baseline'!$B$7)))/('Inputs & Baseline'!$B$8*'Inputs & Baseline'!$B$9*SIN(RADIANS(M9))*COS(RADIANS(M9))) -> 1.4245885 | P9: 0.0583 | Q9: =('Inputs & Baseline'!$B$6+('Inputs & Baseline'!$B$8*'Inputs & Baseline'!$B$9*COS(RADIANS('Inputs & Baseline'!$B$10))^2-P9*'Inputs & Baseline'!$B$8*'Inputs & Baseline'!$B$9)*TAN(RADIANS('Inputs & Baseline'!$B$7)))/('Inputs & Baseline'!$B$8*'Inputs & Baseline'!$B$9*SIN(RADIANS('Inputs & Baseline'!$B$10))*COS(RADIANS('Inputs & Baseline'!$B$10))) -> 1.3390399
A10: 9.1667 | B10: =(A10+('Inputs & Baseline'!$B$8*'Inputs & Baseline'!$B$9*COS(RADIANS('Inputs & Baseline'!$B$10))^2-'Inputs & Baseline'!$B$11*'Inputs & Baseline'!$B$8*'Inputs & Baseline'!$B$9)*TAN(RADIANS('Inputs & Baseline'!$B$7)))/('Inputs & Baseline'!$B$8*'Inputs & Baseline'!$B$9*SIN(RADIANS('Inputs & Baseline'!$B$10))*COS(RADIANS('Inputs & Baseline'!$B$10))) -> 1.1372316 | D10: 30.5 | E10: =('Inputs & Baseline'!$B$6+('Inputs & Baseline'!$B$8*'Inputs & Baseline'!$B$9*COS(RADIANS('Inputs & Baseline'!$B$10))^2-'Inputs & Baseline'!$B$11*'Inputs & Baseline'!$B$8*'Inputs & Baseline'!$B$9)*TAN(RADIANS(D10)))/('Inputs & Baseline'!$B$8*'Inputs & Baseline'!$B$9*SIN(RADIANS('Inputs & Baseline'!$B$10))*COS(RADIANS('Inputs & Baseline'!$B$10))) -> 1.0152993 | G10: 18.8333 | H10: =('Inputs & Baseline'!$B$6+(G10*'Inputs & Baseline'!$B$9*COS(RADIANS('Inputs & Baseline'!$B$10))^2-'Inputs & Baseline'!$B$11*G10*'Inputs & Baseline'!$B$9)*TAN(RADIANS('Inputs & Baseline'!$B$7)))/(G10*'Inputs & Baseline'!$B$9*SIN(RADIANS('Inputs & Baseline'!$B$10))*COS(RADIANS('Inputs & Baseline'!$B$10))) -> 1.1916121 | J10: 11.5417 | K10: =('Inputs & Baseline'!$B$6+('Inputs & Baseline'!$B$8*J10*COS(RADIANS('Inputs & Baseline'!$B$10))^2-'Inputs & Baseline'!$B$11*'Inputs & Baseline'!$B$8*J10)*TAN(RADIANS('Inputs & Baseline'!$B$7)))/('Inputs & Baseline'!$B$8*J10*SIN(RADIANS('Inputs & Baseline'!$B$10))*COS(RADIANS('Inputs & Baseline'!$B$10))) -> 1.2202823 | M10: 24.5 | N10: =('Inputs & Baseline'!$B$6+('Inputs & Baseline'!$B$8*'Inputs & Baseline'!$B$9*COS(RADIANS(M10))^2-'Inputs & Baseline'!$B$11*'Inputs & Baseline'!$B$8*'Inputs & Baseline'!$B$9)*TAN(RADIANS('Inputs & Baseline'!$B$7)))/('Inputs & Baseline'!$B$8*'Inputs & Baseline'!$B$9*SIN(RADIANS(M10))*COS(RADIANS(M10))) -> 1.3906313 | P10: 0.0729 | Q10: =('Inputs & Baseline'!$B$6+('Inputs & Baseline'!$B$8*'Inputs & Baseline'!$B$9*COS(RADIANS('Inputs & Baseline'!$B$10))^2-P10*'Inputs & Baseline'!$B$8*'Inputs & Baseline'!$B$9)*TAN(RADIANS('Inputs & Baseline'!$B$7)))/('Inputs & Baseline'!$B$8*'Inputs & Baseline'!$B$9*SIN(RADIANS('Inputs & Baseline'!$B$10))*COS(RADIANS('Inputs & Baseline'!$B$10))) -> 1.3143775
A11: 10 | B11: =(A11+('Inputs & Baseline'!$B$8*'Inputs & Baseline'!$B$9*COS(RADIANS('Inputs & Baseline'!$B$10))^2-'Inputs & Baseline'!$B$11*'Inputs & Baseline'!$B$8*'Inputs & Baseline'!$B$9)*TAN(RADIANS('Inputs & Baseline'!$B$7)))/('Inputs & Baseline'!$B$8*'Inputs & Baseline'!$B$9*SIN(RADIANS('Inputs & Baseline'!$B$10))*COS(RADIANS('Inputs & Baseline'!$B$10))) -> 1.1439325 | D11: 31 | E11: =('Inputs & Baseline'!$B$6+('Inputs & Baseline'!$B$8*'Inputs & Baseline'!$B$9*COS(RADIANS('Inputs & Baseline'!$B$10))^2-'Inputs & Baseline'!$B$11*'Inputs & Baseline'!$B$8*'Inputs & Baseline'!$B$9)*TAN(RADIANS(D11)))/('Inputs & Baseline'!$B$8*'Inputs & Baseline'!$B$9*SIN(RADIANS('Inputs & Baseline'!$B$10))*COS(RADIANS('Inputs & Baseline'!$B$10))) -> 1.0332456 | G11: 19 | H11: =('Inputs & Baseline'!$B$6+(G11*'Inputs & Baseline'!$B$9*COS(RADIANS('Inputs & Baseline'!$B$10))^2-'Inputs & Baseline'!$B$11*G11*'Inputs & Baseline'!$B$9)*TAN(RADIANS('Inputs & Baseline'!$B$7)))/(G11*'Inputs & Baseline'!$B$9*SIN(RADIANS('Inputs & Baseline'!$B$10))*COS(RADIANS('Inputs & Baseline'!$B$10))) -> 1.1904883 | J11: 12.25 | K11: =('Inputs & Baseline'!$B$6+('Inputs & Baseline'!$B$8*J11*COS(RADIANS('Inputs & Baseline'!$B$10))^2-'Inputs & Baseline'!$B$11*'Inputs & Baseline'!$B$8*J11)*TAN(RADIANS('Inputs & Baseline'!$B$7)))/('Inputs & Baseline'!$B$8*J11*SIN(RADIANS('Inputs & Baseline'!$B$10))*COS(RADIANS('Inputs & Baseline'!$B$10))) -> 1.2112181 | M11: 25 | N11: =('Inputs & Baseline'!$B$6+('Inputs & Baseline'!$B$8*'Inputs & Baseline'!$B$9*COS(RADIANS(M11))^2-'Inputs & Baseline'!$B$11*'Inputs & Baseline'!$B$8*'Inputs & Baseline'!$B$9)*TAN(RADIANS('Inputs & Baseline'!$B$7)))/('Inputs & Baseline'!$B$8*'Inputs & Baseline'!$B$9*SIN(RADIANS(M11))*COS(RADIANS(M11))) -> 1.3579238 | P11: 0.0875 | Q11: =('Inputs & Baseline'!$B$6+('Inputs & Baseline'!$B$8*'Inputs & Baseline'!$B$9*COS(RADIANS('Inputs & Baseline'!$B$10))^2-P11*'Inputs & Baseline'!$B$8*'Inputs & Baseline'!$B$9)*TAN(RADIANS('Inputs & Baseline'!$B$7)))/('Inputs & Baseline'!$B$8*'Inputs & Baseline'!$B$9*SIN(RADIANS('Inputs & Baseline'!$B$10))*COS(RADIANS('Inputs & Baseline'!$B$10))) -> 1.2897151
A12: 10.8333 | B12: =(A12+('Inputs & Baseline'!$B$8*'Inputs & Baseline'!$B$9*COS(RADIANS('Inputs & Baseline'!$B$10))^2-'Inputs & Baseline'!$B$11*'Inputs & Baseline'!$B$8*'Inputs & Baseline'!$B$9)*TAN(RADIANS('Inputs & Baseline'!$B$7)))/('Inputs & Baseline'!$B$8*'Inputs & Baseline'!$B$9*SIN(RADIANS('Inputs & Baseline'!$B$10))*COS(RADIANS('Inputs & Baseline'!$B$10))) -> 1.1506335 | D12: 31.5 | E12: =('Inputs & Baseline'!$B$6+('Inputs & Baseline'!$B$8*'Inputs & Baseline'!$B$9*COS(RADIANS('Inputs & Baseline'!$B$10))^2-'Inputs & Baseline'!$B$11*'Inputs & Baseline'!$B$8*'Inputs & Baseline'!$B$9)*TAN(RADIANS(D12)))/('Inputs & Baseline'!$B$8*'Inputs & Baseline'!$B$9*SIN(RADIANS('Inputs & Baseline'!$B$10))*COS(RADIANS('Inputs & Baseline'!$B$10))) -> 1.0513811 | G12: 19.1667 | H12: =('Inputs & Baseline'!$B$6+(G12*'Inputs & Baseline'!$B$9*COS(RADIANS('Inputs & Baseline'!$B$10))^2-'Inputs & Baseline'!$B$11*G12*'Inputs & Baseline'!$B$9)*TAN(RADIANS('Inputs & Baseline'!$B$7)))/(G12*'Inputs & Baseline'!$B$9*SIN(RADIANS('Inputs & Baseline'!$B$10))*COS(RADIANS('Inputs & Baseline'!$B$10))) -> 1.189384 | J12: 12.9583 | K12: =('Inputs & Baseline'!$B$6+('Inputs & Baseline'!$B$8*J12*COS(RADIANS('Inputs & Baseline'!$B$10))^2-'Inputs & Baseline'!$B$11*'Inputs & Baseline'!$B$8*J12)*TAN(RADIANS('Inputs & Baseline'!$B$7)))/('Inputs & Baseline'!$B$8*J12*SIN(RADIANS('Inputs & Baseline'!$B$10))*COS(RADIANS('Inputs & Baseline'!$B$10))) -> 1.2031449 | M12: 25.5 | N12: =('Inputs & Baseline'!$B$6+('Inputs & Baseline'!$B$8*'Inputs & Baseline'!$B$9*COS(RADIANS(M12))^2-'Inputs & Baseline'!$B$11*'Inputs & Baseline'!$B$8*'Inputs & Baseline'!$B$9)*TAN(RADIANS('Inputs & Baseline'!$B$7)))/('Inputs & Baseline'!$B$8*'Inputs & Baseline'!$B$9*SIN(RADIANS(M12))*COS(RADIANS(M12))) -> 1.326392 | P12: 0.1021 | Q12: =('Inputs & Baseline'!$B$6+('Inputs & Baseline'!$B$8*'Inputs & Baseline'!$B$9*COS(RADIANS('Inputs & Baseline'!$B$10))^2-P12*'Inputs & Baseline'!$B$8*'Inputs & Baseline'!$B$9)*TAN(RADIANS('Inputs & Baseline'!$B$7)))/('Inputs & Baseline'!$B$8*'Inputs & Baseline'!$B$9*SIN(RADIANS('Inputs & Baseline'!$B$10))*COS(RADIANS('Inputs & Baseline'!$B$10))) -> 1.2650527
A13: 11.6667 | B13: =(A13+('Inputs & Baseline'!$B$8*'Inputs & Baseline'!$B$9*COS(RADIANS('Inputs & Baseline'!$B$10))^2-'Inputs & Baseline'!$B$11*'Inputs & Baseline'!$B$8*'Inputs & Baseline'!$B$9)*TAN(RADIANS('Inputs & Baseline'!$B$7)))/('Inputs & Baseline'!$B$8*'Inputs & Baseline'!$B$9*SIN(RADIANS('Inputs & Baseline'!$B$10))*COS(RADIANS('Inputs & Baseline'!$B$10))) -> 1.1573352 | D13: 32 | E13: =('Inputs & Baseline'!$B$6+('Inputs & Baseline'!$B$8*'Inputs & Baseline'!$B$9*COS(RADIANS('Inputs & Baseline'!$B$10))^2-'Inputs & Baseline'!$B$11*'Inputs & Baseline'!$B$8*'Inputs & Baseline'!$B$9)*TAN(RADIANS(D13)))/('Inputs & Baseline'!$B$8*'Inputs & Baseline'!$B$9*SIN(RADIANS('Inputs & Baseline'!$B$10))*COS(RADIANS('Inputs & Baseline'!$B$10))) -> 1.0697115 | G13: 19.3333 | H13: =('Inputs & Baseline'!$B$6+(G13*'Inputs & Baseline'!$B$9*COS(RADIANS('Inputs & Baseline'!$B$10))^2-'Inputs & Baseline'!$B$11*G13*'Inputs & Baseline'!$B$9)*TAN(RADIANS('Inputs & Baseline'!$B$7)))/(G13*'Inputs & Baseline'!$B$9*SIN(RADIANS('Inputs & Baseline'!$B$10))*COS(RADIANS('Inputs & Baseline'!$B$10))) -> 1.1882994 | J13: 13.6667 | K13: =('Inputs & Baseline'!$B$6+('Inputs & Baseline'!$B$8*J13*COS(RADIANS('Inputs & Baseline'!$B$10))^2-'Inputs & Baseline'!$B$11*'Inputs & Baseline'!$B$8*J13)*TAN(RADIANS('Inputs & Baseline'!$B$7)))/('Inputs & Baseline'!$B$8*J13*SIN(RADIANS('Inputs & Baseline'!$B$10))*COS(RADIANS('Inputs & Baseline'!$B$10))) -> 1.1959074 | M13: 26 | N13: =('Inputs & Baseline'!$B$6+('Inputs & Baseline'!$B$8*'Inputs & Baseline'!$B$9*COS(RADIANS(M13))^2-'Inputs & Baseline'!$B$11*'Inputs & Baseline'!$B$8*'Inputs & Baseline'!$B$9)*TAN(RADIANS('Inputs & Baseline'!$B$7)))/('Inputs & Baseline'!$B$8*'Inputs & Baseline'!$B$9*SIN(RADIANS(M13))*COS(RADIANS(M13))) -> 1.2959672 | P13: 0.1167 | Q13: =('Inputs & Baseline'!$B$6+('Inputs & Baseline'!$B$8*'Inputs & Baseline'!$B$9*COS(RADIANS('Inputs & Baseline'!$B$10))^2-P13*'Inputs & Baseline'!$B$8*'Inputs & Baseline'!$B$9)*TAN(RADIANS('Inputs & Baseline'!$B$7)))/('Inputs & Baseline'!$B$8*'Inputs & Baseline'!$B$9*SIN(RADIANS('Inputs & Baseline'!$B$10))*COS(RADIANS('Inputs & Baseline'!$B$10))) -> 1.2403903
A14: 12.5 | B14: =(A14+('Inputs & Baseline'!$B$8*'Inputs & Baseline'!$B$9*COS(RADIANS('Inputs & Baseline'!$B$10))^2-'Inputs & Baseline'!$B$11*'Inputs & Baseline'!$B$8*'Inputs & Baseline'!$B$9)*TAN(RADIANS('Inputs & Baseline'!$B$7)))/('Inputs & Baseline'!$B$8*'Inputs & Baseline'!$B$9*SIN(RADIANS('Inputs & Baseline'!$B$10))*COS(RADIANS('Inputs & Baseline'!$B$10))) -> 1.1640361 | D14: 32.5 | E14: =('Inputs & Baseline'!$B$6+('Inputs & Baseline'!$B$8*'Inputs & Baseline'!$B$9*COS(RADIANS('Inputs & Baseline'!$B$10))^2-'Inputs & Baseline'!$B$11*'Inputs & Baseline'!$B$8*'Inputs & Baseline'!$B$9)*TAN(RADIANS(D14)))/('Inputs & Baseline'!$B$8*'Inputs & Baseline'!$B$9*SIN(RADIANS('Inputs & Baseline'!$B$10))*COS(RADIANS('Inputs & Baseline'!$B$10))) -> 1.088243 | G14: 19.5 | H14: =('Inputs & Baseline'!$B$6+(G14*'Inputs & Baseline'!$B$9*COS(RADIANS('Inputs & Baseline'!$B$10))^2-'Inputs & Baseline'!$B$11*G14*'Inputs & Baseline'!$B$9)*TAN(RADIANS('Inputs & Baseline'!$B$7)))/(G14*'Inputs & Baseline'!$B$9*SIN(RADIANS('Inputs & Baseline'!$B$10))*COS(RADIANS('Inputs & Baseline'!$B$10))) -> 1.1872326 | J14: 14.375 | K14: =('Inputs & Baseline'!$B$6+('Inputs & Baseline'!$B$8*J14*COS(RADIANS('Inputs & Baseline'!$B$10))^2-'Inputs & Baseline'!$B$11*'Inputs & Baseline'!$B$8*J14)*TAN(RADIANS('Inputs & Baseline'!$B$7)))/('Inputs & Baseline'!$B$8*J14*SIN(RADIANS('Inputs & Baseline'!$B$10))*COS(RADIANS('Inputs & Baseline'!$B$10))) -> 1.1893842 | M14: 26.5 | N14: =('Inputs & Baseline'!$B$6+('Inputs & Baseline'!$B$8*'Inputs & Baseline'!$B$9*COS(RADIANS(M14))^2-'Inputs & Baseline'!$B$11*'Inputs & Baseline'!$B$8*'Inputs & Baseline'!$B$9)*TAN(RADIANS('Inputs & Baseline'!$B$7)))/('Inputs & Baseline'!$B$8*'Inputs & Baseline'!$B$9*SIN(RADIANS(M14))*COS(RADIANS(M14))) -> 1.2665862 | P14: 0.1312 | Q14: =('Inputs & Baseline'!$B$6+('Inputs & Baseline'!$B$8*'Inputs & Baseline'!$B$9*COS(RADIANS('Inputs & Baseline'!$B$10))^2-P14*'Inputs & Baseline'!$B$8*'Inputs & Baseline'!$B$9)*TAN(RADIANS('Inputs & Baseline'!$B$7)))/('Inputs & Baseline'!$B$8*'Inputs & Baseline'!$B$9*SIN(RADIANS('Inputs & Baseline'!$B$10))*COS(RADIANS('Inputs & Baseline'!$B$10))) -> 1.2158968
A15: 13.3333 | B15: =(A15+('Inputs & Baseline'!$B$8*'Inputs & Baseline'!$B$9*COS(RADIANS('Inputs & Baseline'!$B$10))^2-'Inputs & Baseline'!$B$11*'Inputs & Baseline'!$B$8*'Inputs & Baseline'!$B$9)*TAN(RADIANS('Inputs & Baseline'!$B$7)))/('Inputs & Baseline'!$B$8*'Inputs & Baseline'!$B$9*SIN(RADIANS('Inputs & Baseline'!$B$10))*COS(RADIANS('Inputs & Baseline'!$B$10))) -> 1.1707371 | D15: 33 | E15: =('Inputs & Baseline'!$B$6+('Inputs & Baseline'!$B$8*'Inputs & Baseline'!$B$9*COS(RADIANS('Inputs & Baseline'!$B$10))^2-'Inputs & Baseline'!$B$11*'Inputs & Baseline'!$B$8*'Inputs & Baseline'!$B$9)*TAN(RADIANS(D15)))/('Inputs & Baseline'!$B$8*'Inputs & Baseline'!$B$9*SIN(RADIANS('Inputs & Baseline'!$B$10))*COS(RADIANS('Inputs & Baseline'!$B$10))) -> 1.1069817 | G15: 19.6667 | H15: =('Inputs & Baseline'!$B$6+(G15*'Inputs & Baseline'!$B$9*COS(RADIANS('Inputs & Baseline'!$B$10))^2-'Inputs & Baseline'!$B$11*G15*'Inputs & Baseline'!$B$9)*TAN(RADIANS('Inputs & Baseline'!$B$7)))/(G15*'Inputs & Baseline'!$B$9*SIN(RADIANS('Inputs & Baseline'!$B$10))*COS(RADIANS('Inputs & Baseline'!$B$10))) -> 1.186184 | J15: 15.0833 | K15: =('Inputs & Baseline'!$B$6+('Inputs & Baseline'!$B$8*J15*COS(RADIANS('Inputs & Baseline'!$B$10))^2-'Inputs & Baseline'!$B$11*'Inputs & Baseline'!$B$8*J15)*TAN(RADIANS('Inputs & Baseline'!$B$7)))/('Inputs & Baseline'!$B$8*J15*SIN(RADIANS('Inputs & Baseline'!$B$10))*COS(RADIANS('Inputs & Baseline'!$B$10))) -> 1.1834736 | M15: 27 | N15: =('Inputs & Baseline'!$B$6+('Inputs & Baseline'!$B$8*'Inputs & Baseline'!$B$9*COS(RADIANS(M15))^2-'Inputs & Baseline'!$B$11*'Inputs & Baseline'!$B$8*'Inputs & Baseline'!$B$9)*TAN(RADIANS('Inputs & Baseline'!$B$7)))/('Inputs & Baseline'!$B$8*'Inputs & Baseline'!$B$9*SIN(RADIANS(M15))*COS(RADIANS(M15))) -> 1.2381902 | P15: 0.1458 | Q15: =('Inputs & Baseline'!$B$6+('Inputs & Baseline'!$B$8*'Inputs & Baseline'!$B$9*COS(RADIANS('Inputs & Baseline'!$B$10))^2-P15*'Inputs & Baseline'!$B$8*'Inputs & Baseline'!$B$9)*TAN(RADIANS('Inputs & Baseline'!$B$7)))/('Inputs & Baseline'!$B$8*'Inputs & Baseline'!$B$9*SIN(RADIANS('Inputs & Baseline'!$B$10))*COS(RADIANS('Inputs & Baseline'!$B$10))) -> 1.1912344
A16: 14.1667 | B16: =(A16+('Inputs & Baseline'!$B$8*'Inputs & Baseline'!$B$9*COS(RADIANS('Inputs & Baseline'!$B$10))^2-'Inputs & Baseline'!$B$11*'Inputs & Baseline'!$B$8*'Inputs & Baseline'!$B$9)*TAN(RADIANS('Inputs & Baseline'!$B$7)))/('Inputs & Baseline'!$B$8*'Inputs & Baseline'!$B$9*SIN(RADIANS('Inputs & Baseline'!$B$10))*COS(RADIANS('Inputs & Baseline'!$B$10))) -> 1.1774388 | D16: 33.5 | E16: =('Inputs & Baseline'!$B$6+('Inputs & Baseline'!$B$8*'Inputs & Baseline'!$B$9*COS(RADIANS('Inputs & Baseline'!$B$10))^2-'Inputs & Baseline'!$B$11*'Inputs & Baseline'!$B$8*'Inputs & Baseline'!$B$9)*TAN(RADIANS(D16)))/('Inputs & Baseline'!$B$8*'Inputs & Baseline'!$B$9*SIN(RADIANS('Inputs & Baseline'!$B$10))*COS(RADIANS('Inputs & Baseline'!$B$10))) -> 1.125934 | G16: 19.8333 | H16: =('Inputs & Baseline'!$B$6+(G16*'Inputs & Baseline'!$B$9*COS(RADIANS('Inputs & Baseline'!$B$10))^2-'Inputs & Baseline'!$B$11*G16*'Inputs & Baseline'!$B$9)*TAN(RADIANS('Inputs & Baseline'!$B$7)))/(G16*'Inputs & Baseline'!$B$9*SIN(RADIANS('Inputs & Baseline'!$B$10))*COS(RADIANS('Inputs & Baseline'!$B$10))) -> 1.1851536 | J16: 15.7917 | K16: =('Inputs & Baseline'!$B$6+('Inputs & Baseline'!$B$8*J16*COS(RADIANS('Inputs & Baseline'!$B$10))^2-'Inputs & Baseline'!$B$11*'Inputs & Baseline'!$B$8*J16)*TAN(RADIANS('Inputs & Baseline'!$B$7)))/('Inputs & Baseline'!$B$8*J16*SIN(RADIANS('Inputs & Baseline'!$B$10))*COS(RADIANS('Inputs & Baseline'!$B$10))) -> 1.1780925 | M16: 27.5 | N16: =('Inputs & Baseline'!$B$6+('Inputs & Baseline'!$B$8*'Inputs & Baseline'!$B$9*COS(RADIANS(M16))^2-'Inputs & Baseline'!$B$11*'Inputs & Baseline'!$B$8*'Inputs & Baseline'!$B$9)*TAN(RADIANS('Inputs & Baseline'!$B$7)))/('Inputs & Baseline'!$B$8*'Inputs & Baseline'!$B$9*SIN(RADIANS(M16))*COS(RADIANS(M16))) -> 1.210725 | P16: 0.1604 | Q16: =('Inputs & Baseline'!$B$6+('Inputs & Baseline'!$B$8*'Inputs & Baseline'!$B$9*COS(RADIANS('Inputs & Baseline'!$B$10))^2-P16*'Inputs & Baseline'!$B$8*'Inputs & Baseline'!$B$9)*TAN(RADIANS('Inputs & Baseline'!$B$7)))/('Inputs & Baseline'!$B$8*'Inputs & Baseline'!$B$9*SIN(RADIANS('Inputs & Baseline'!$B$10))*COS(RADIANS('Inputs & Baseline'!$B$10))) -> 1.166572
... A29: 25 | B29: =(A29+('Inputs & Baseline'!$B$8*'Inputs & Baseline'!$B$9*COS(RADIANS('Inputs & Baseline'!$B$10))^2-'Inputs & Baseline'!$B$11*'Inputs & Baseline'!$B$8*'Inputs & Baseline'!$B$9)*TAN(RADIANS('Inputs & Baseline'!$B$7)))/('Inputs & Baseline'!$B$8*'Inputs & Baseline'!$B$9*SIN(RADIANS('Inputs & Baseline'!$B$10))*COS(RADIANS('Inputs & Baseline'!$B$10))) -> 1.2645543 | D29: 40 | E29: =('Inputs & Baseline'!$B$6+('Inputs & Baseline'!$B$8*'Inputs & Baseline'!$B$9*COS(RADIANS('Inputs & Baseline'!$B$10))^2-'Inputs & Baseline'!$B$11*'Inputs & Baseline'!$B$8*'Inputs & Baseline'!$B$9)*TAN(RADIANS(D29)))/('Inputs & Baseline'!$B$8*'Inputs & Baseline'!$B$9*SIN(RADIANS('Inputs & Baseline'!$B$10))*COS(RADIANS('Inputs & Baseline'!$B$10))) -> 1.3950976 | G29: 22 | H29: =('Inputs & Baseline'!$B$6+(G29*'Inputs & Baseline'!$B$9*COS(RADIANS('Inputs & Baseline'!$B$10))^2-'Inputs & Baseline'!$B$11*G29*'Inputs & Baseline'!$B$9)*TAN(RADIANS('Inputs & Baseline'!$B$7)))/(G29*'Inputs & Baseline'!$B$9*SIN(RADIANS('Inputs & Baseline'!$B$10))*COS(RADIANS('Inputs & Baseline'!$B$10))) -> 1.1731742 | J29: 25 | K29: =('Inputs & Baseline'!$B$6+('Inputs & Baseline'!$B$8*J29*COS(RADIANS('Inputs & Baseline'!$B$10))^2-'Inputs & Baseline'!$B$11*'Inputs & Baseline'!$B$8*J29)*TAN(RADIANS('Inputs & Baseline'!$B$7)))/('Inputs & Baseline'!$B$8*J29*SIN(RADIANS('Inputs & Baseline'!$B$10))*COS(RADIANS('Inputs & Baseline'!$B$10))) -> 1.1358911 | M29: 34 | N29: =('Inputs & Baseline'!$B$6+('Inputs & Baseline'!$B$8*'Inputs & Baseline'!$B$9*COS(RADIANS(M29))^2-'Inputs & Baseline'!$B$11*'Inputs & Baseline'!$B$8*'Inputs & Baseline'!$B$9)*TAN(RADIANS('Inputs & Baseline'!$B$7)))/('Inputs & Baseline'!$B$8*'Inputs & Baseline'!$B$9*SIN(RADIANS(M29))*COS(RADIANS(M29))) -> 0.91939439 | P29: 0.35 | Q29: =('Inputs & Baseline'!$B$6+('Inputs & Baseline'!$B$8*'Inputs & Baseline'!$B$9*COS(RADIANS('Inputs & Baseline'!$B$10))^2-P29*'Inputs & Baseline'!$B$8*'Inputs & Baseline'!$B$9)*TAN(RADIANS('Inputs & Baseline'!$B$7)))/('Inputs & Baseline'!$B$8*'Inputs & Baseline'!$B$9*SIN(RADIANS('Inputs & Baseline'!$B$10))*COS(RADIANS('Inputs & Baseline'!$B$10))) -> 0.84629861
A33: Tornado Summary (parameter influence, sorted)
A34: Parameter | B34: Low Value | C34: High Value | D34: FS at Low | E34: FS at High | F34: Baseline FS | G34: Swing (|ΔFS|)
A35: Slope angle, β (°) | B35: 22 | C35: 34 | D35: 1.575 | E35: 0.919 | F35: 1.184 | G35: 0.655
A36: Pore pressure ratio, r_u | B36: 0 | C36: 0.35 | D36: 1.438 | E36: 0.846 | F36: 1.184 | G36: 0.591
A37: Friction angle, φ' (°) | B37: 28 | C37: 40 | D37: 0.928 | E37: 1.395 | F37: 1.184 | G37: 0.467
A38: Cohesion, c' (kPa) | B38: 5 | C38: 25 | D38: 1.104 | E38: 1.265 | F38: 1.184 | G38: 0.161
A39: Depth to slip surface, z (m) | B39: 8 | C39: 25 | D39: 1.29 | E39: 1.136 | F39: 1.184 | G39: 0.154
A40: Unit weight, γ (kN/m³) | B40: 18 | C40: 22 | D40: 1.198 | E40: 1.173 | F40: 1.184 | G40: 0.024
A44: Charts

Sheet Monte Carlo
A1: Monte Carlo Simulation of Factor of Safety
A3: Input Distribution Assumptions
A4: Parameter | B4: Distribution | C4: Mean | D4: Std Dev | E4: Lower Bound | F4: Upper Bound
A5: Cohesion, c' (kPa) | B5: Truncated Normal | C5: 15 | D5: 4 | E5: 0
A6: Friction angle, φ' (°) | B6: Truncated Normal | C6: 35 | D6: 3 | E6: 20 | F6: 45
A7: Unit weight, γ (kN/m³) | B7: Truncated Normal | C7: 20 | D7: 1 | E7: 16 | F7: 24
A8: Depth to slip surface, z (m) | B8: Truncated Normal | C8: 15 | D8: 3 | E8: 5 | F8: 30
A9: Slope angle, β (°) | B9: Truncated Normal | C9: 28 | D9: 2 | E9: 18 | F9: 37
A10: Pore pressure ratio, r_u | B10: Truncated Normal | C10: 0.15 | D10: 0.08 | E10: 0 | F10: 0.5
A12: Full-Resolution Simulation Summary (n = 100,000, computed in Python via monte_carlo.py — reproducible with the fixed random seed noted in that script)
A13: Mean FS | B13: 1.2006
A14: Std Dev FS | B14: 0.2143
A15: Min FS | B15: 0.4379
A16: Max FS | B16: 2.5374
A17: Probability of Failure, Pf = P(FS<1) | B17: 0.1743
A18: Reliability Index, beta = (mean(FS)-1)/std(FS) | B18: 0.9361
A20: Percentiles of FS
A21: P1 | B21: P5 | C21: P10 | D21: P25 | E21: P50 | F21: P75 | G21: P90 | H21: P95 | I21: P99
A22: 0.758 | B22: 0.872 | C22: 0.936 | D22: 1.05 | E22: 1.188 | F22: 1.337 | G22: 1.48 | H22: 1.573 | I22: 1.756
A25: Worksheet-Live Sample (n = 2,000 trials; FS computed by in-cell formula from the sampled inputs — illustrative; full headline results above use n=100,000 computed in Python for stability)
A26: c' (kPa) | B26: phi' (deg) | C26: gamma (kN/m3) | D26: z (m) | E26: beta (deg) | F26: r_u | G26: FS (formula)
A27: 16.219 | B27: 30.276 | C27: 22.617 | D27: 20.249 | E27: 31.613 | F27: 0.1031 | G27: =(A27+(C27*D27*COS(RADIANS(E27))^2-F27*C27*D27)*TAN(RADIANS(B27)))/(C27*D27*SIN(RADIANS(E27))*COS(RADIANS(E27))) -> 0.89295863
A28: 10.84 | B28: 42.173 | C28: 19.86 | D28: 16.961 | E28: 27.099 | F28: 0.0503 | G28: =(A28+(C28*D28*COS(RADIANS(E28))^2-F28*C28*D28)*TAN(RADIANS(B28)))/(C28*D28*SIN(RADIANS(E28))*COS(RADIANS(E28))) -> 1.737326
A29: 18.002 | B29: 40.389 | C29: 19.535 | D29: 13.782 | E29: 25.156 | F29: 0.1416 | G29: =(A29+(C29*D29*COS(RADIANS(E29))^2-F29*C29*D29)*TAN(RADIANS(B29)))/(C29*D29*SIN(RADIANS(E29))*COS(RADIANS(E29))) -> 1.6722105
A30: 18.762 | B30: 32.514 | C30: 18.866 | D30: 15.735 | E30: 31.132 | F30: 0.2584 | G30: =(A30+(C30*D30*COS(RADIANS(E30))^2-F30*C30*D30)*TAN(RADIANS(B30)))/(C30*D30*SIN(RADIANS(E30))*COS(RADIANS(E30))) -> 0.82595528
A31: 7.196 | B31: 39.804 | C31: 19.745 | D31: 12.587 | E31: 28.66 | F31: 0.2085 | G31: =(A31+(C31*D31*COS(RADIANS(E31))^2-F31*C31*D31)*TAN(RADIANS(B31)))/(C31*D31*SIN(RADIANS(E31))*COS(RADIANS(E31))) -> 1.1805226
A32: 9.791 | B32: 31.55 | C32: 19.727 | D32: 17.013 | E32: 28.215 | F32: 0.0579 | G32: =(A32+(C32*D32*COS(RADIANS(E32))^2-F32*C32*D32)*TAN(RADIANS(B32)))/(C32*D32*SIN(RADIANS(E32))*COS(RADIANS(E32))) -> 1.1290809
A33: 15.511 | B33: 32.979 | C33: 19.753 | D33: 15.048 | E33: 26.745 | F33: 0.1812 | G33: =(A33+(C33*D33*COS(RADIANS(E33))^2-F33*C33*D33)*TAN(RADIANS(B33)))/(C33*D33*SIN(RADIANS(E33))*COS(RADIANS(E33))) -> 1.124922
A34: 13.735 | B34: 35.029 | C34: 20.38 | D34: 12.893 | E34: 30.711 | F34: 0.2379 | G34: =(A34+(C34*D34*COS(RADIANS(E34))^2-F34*C34*D34)*TAN(RADIANS(B34)))/(C34*D34*SIN(RADIANS(E34))*COS(RADIANS(E34))) -> 0.91929833
A35: 14.933 | B35: 32.37 | C35: 19.104 | D35: 12.41 | E35: 26.914 | F35: 0.2125 | G35: =(A35+(C35*D35*COS(RADIANS(E35))^2-F35*C35*D35)*TAN(RADIANS(B35)))/(C35*D35*SIN(RADIANS(E35))*COS(RADIANS(E35))) -> 1.0710254
A36: 11.588 | B36: 36.816 | C36: 18.746 | D36: 15.743 | E36: 27.774 | F36: 0.2458 | G36: =(A36+(C36*D36*COS(RADIANS(E36))^2-F36*C36*D36)*TAN(RADIANS(B36)))/(C36*D36*SIN(RADIANS(E36))*COS(RADIANS(E36))) -> 1.0702642
A37: 18.518 | B37: 38.412 | C37: 19.421 | D37: 18.718 | E37: 26.893 | F37: 0.0677 | G37: =(A37+(C37*D37*COS(RADIANS(E37))^2-F37*C37*D37)*TAN(RADIANS(B37)))/(C37*D37*SIN(RADIANS(E37))*COS(RADIANS(E37))) -> 1.5566318
A38: 18.111 | B38: 30.742 | C38: 18.893 | D38: 18.948 | E38: 31.173 | F38: 0.0508 | G38: =(A38+(C38*D38*COS(RADIANS(E38))^2-F38*C38*D38)*TAN(RADIANS(B38)))/(C38*D38*SIN(RADIANS(E38))*COS(RADIANS(E38))) -> 1.0291045
... A2026: 23.857 | B2026: 35.175 | C2026: 19.981 | D2026: 14.426 | E2026: 27.028 | F2026: 0.1598 | G2026: =(A2026+(C2026*D2026*COS(RADIANS(E2026))^2-F2026*C2026*D2026)*TAN(RADIANS(B2026)))/(C2026*D2026*SIN(RADIANS(E2026))*COS(RADIANS(E2026))) -> 1.3077622
A2028: Sample stats (live, from the 2,000-row table above):
A2029: Mean FS | B2029: =AVERAGE(G27:G2026) -> 1.194544
A2030: Std Dev FS | B2030: =STDEV(G27:G2026) -> 0.22179866
A2031: Probability of Failure (sample) | B2031: =COUNTIF(G27:G2026,"<1")/COUNT(G27:G2026) -> 0.193

Sheet Risk Optimization
A1: Risk-Based Optimization of Dump Slope Angle
A2: Full Monte Carlo simulation (n = 20,000 per angle) re-run at each candidate slope angle, holding it fixed while all other geotechnical inputs retain their baseline distributions.
A4: Slope Angle (deg) | B4: Mean FS | C4: Std Dev FS | D4: Probability of Failure | E4: Reliability Index
A5: 20 | B5: 1.764 | C5: 0.253 | D5: 0.0002 | E5: 3.02
A6: 21 | B6: 1.674 | C6: 0.242 | D6: 0.0006 | E6: 2.784
A7: 22 | B7: 1.585 | C7: 0.234 | D7: 0.0016 | E7: 2.5
A8: 23 | B8: 1.506 | C8: 0.222 | D8: 0.00635 | E8: 2.279
A9: 24 | B9: 1.432 | C9: 0.213 | D9: 0.01395 | E9: 2.027
A10: 25 | B10: 1.367 | C10: 0.205 | D10: 0.02915 | E10: 1.785
A11: 26 | B11: 1.303 | C11: 0.197 | D11: 0.0526 | E11: 1.543
A12: 27 | B12: 1.245 | C12: 0.188 | D12: 0.0906 | E12: 1.302
A13: 28 | B13: 1.192 | C13: 0.182 | D13: 0.14825 | E13: 1.051
A14: 29 | B14: 1.141 | C14: 0.178 | D14: 0.21645 | E14: 0.796
A15: 30 | B15: 1.094 | C15: 0.174 | D15: 0.3057 | E15: 0.541
A16: 31 | B16: 1.048 | C16: 0.167 | D16: 0.40465 | E16: 0.289
... A20: 35 | B20: 0.889 | C20: 0.152 | D20: 0.77145 | E20: -0.726
A23: Recommended Slope Angles by Risk Target
A24: Target Pf | B24: Recommended Slope Angle (deg) | C24: Achieved Pf
A25: 0.2 | B25: 28 | C25: 0.14825
A26: 0.1 | B26: 27 | C26: 0.0906
A27: 0.05 | B27: 25 | C27: 0.02915
A28: 0.01 | B28: 23 | C28: 0.00635

Sheet Notes & Methodology
A1: Notes & Methodology
A3: 1. MODEL
A4: Infinite-slope method with seepage parallel to the slope face, using the pore-pressure ratio r_u (Bishop & Morgenstern, 1960). This is a standard first-pass screening tool for planar / near-surface failures in engineered waste rock dumps, distinct from deeper rotational failures which would require a circular slip-surface (e.g., Bishop's Simplified) slice analysis.
A6: FS = [c' + (gamma*z*cos^2(beta) - r_u*gamma*z) * tan(phi')] / [gamma*z*sin(beta)*cos(beta)]
A8: 2. BASELINE CASE
A9: The baseline case represents a marginally stable design (FS ~ 1.18) so that both the sensitivity study and the Monte Carlo simulation show meaningful movement across the FS = 1 failure threshold in either direction. A more conservative as-built design would target FS >= 1.3 (static).
A11: 3. SENSITIVITY ANALYSIS
A12: One-at-a-time (OAT) sweeps show slope angle and pore pressure ratio r_u are the dominant controls on FS, followed by friction angle. Cohesion, depth, and unit weight have comparatively minor influence over their realistic ranges for this dump geometry.
A14: 4. MONTE CARLO SIMULATION
A15: Each input is modeled as an independent, truncated-normal random variable reflecting realistic field/lab variability. 100,000 trials were run to obtain a converged probability of failure (Pf = P(FS<1)) and reliability index (beta). Independence between inputs is a simplifying assumption; in practice, c' and phi' can be correlated (typically negatively) — a refinement noted as a limitation below.
A17: 5. RISK-BASED OPTIMIZATION
A18: The slope angle sweep re-runs the full Monte Carlo simulation with the slope angle fixed at each candidate value, isolating the one design lever (mine planners control face angle / benching) from the geotechnical uncertainty that cannot be engineered away. This produces a Pf-vs-angle design curve, letting the dump be designed to an explicit risk target (e.g., Pf <= 5%) rather than a single deterministic FS target.
... A27: core.py - deterministic FS model | sensitivity.py - OAT sweeps & tornado data | monte_carlo.py - probabilistic simulation | optimization.py - slope-angle risk optimization | make_plots.py - all figures | build_excel.py - this workbook
